{"cameraMode":{"drawMode":0,"name":"Shaded","section":"Shading Mode"},"sceneLighting":false,"audioPlay":false,"sceneViewState":{"m_AlwaysRefresh":false,"showFog":true,"showSkybox":false,"showFlares":true,"showImageEffects":true,"showParticleSystems":true,"showVisualEffectGraphs":true,"m_FxEnabled":true},"in2DMode":false,"pivot":{"x":3.6966371536254885,"y":1.061962604522705,"z":6.318112373352051},"rotation":{"x":-0.15806737542152406,"y":-0.24255898594856263,"z":0.04010516032576561,"w":-0.9563168287277222},"size":1.6686663627624512,"orthographic":false}