{"cameraMode":{"drawMode":0,"name":"Shaded","section":"Shading Mode"},"sceneLighting":false,"audioPlay":false,"sceneViewState":{"m_AlwaysRefresh":false,"showFog":true,"showSkybox":false,"showFlares":true,"showImageEffects":true,"showParticleSystems":true,"showVisualEffectGraphs":true,"m_FxEnabled":true},"in2DMode":false,"pivot":{"x":-256.0452880859375,"y":-47.979759216308597,"z":18.197141647338868},"rotation":{"x":-0.10657982528209686,"y":0.02346183732151985,"z":-0.0025060740299522878,"w":-0.9940489530563355},"size":14.800824165344239,"orthographic":false}