{"cameraMode":{"drawMode":0,"name":"Shaded","section":"Shading Mode"},"sceneLighting":false,"audioPlay":false,"sceneViewState":{"m_AlwaysRefresh":false,"showFog":true,"showSkybox":false,"showFlares":true,"showImageEffects":true,"showParticleSystems":true,"showVisualEffectGraphs":true,"m_FxEnabled":true},"in2DMode":false,"pivot":{"x":737.1370849609375,"y":382.1001281738281,"z":-5.422023296356201},"rotation":{"x":-0.07474149018526077,"y":-0.00040131763671524823,"z":0.00003901816671714187,"w":-0.9972245097160339},"size":82.0408706665039,"orthographic":false}